id,name,url,img
66600016,ActivLab,https://sklep.sfd.pl/ActivLab-p66600016.html,
66600544,Adidas,https://sklep.sfd.pl/Adidas-p66600544.html,
66600521,Aliness,https://sklep.sfd.pl/Aliness-p66600521.html,
66600490,ALLDEYNN,https://sklep.sfd.pl/ALLDEYNN-p66600490.html,
66600409,ALLNUTRITION,https://sklep.sfd.pl/ALLNUTRITION-p66600409.html,
66600249,Alter Medica,https://sklep.sfd.pl/Alter_Medica-p66600249.html,
66600552,Animal,https://sklep.sfd.pl/Animal-p66600552.html,
66600507,Aura Herbals,https://sklep.sfd.pl/Aura_Herbals-p66600507.html,
66600524,Balila,https://sklep.sfd.pl/Balila-p66600524.html,
66600512,Balviten,https://sklep.sfd.pl/Balviten-p66600512.html,
66600493,BeOrganic,https://sklep.sfd.pl/BeOrganic-p66600493.html,
66600380,Berserk Labs,https://sklep.sfd.pl/Berserk_Labs-p66600380.html,
66600435,Best Joy,https://sklep.sfd.pl/Best_Joy-p66600435.html,
66600522,Better Than Foods,https://sklep.sfd.pl/Better_Than_Foods-p66600522.html,
66600546,Bilovit,https://sklep.sfd.pl/Bilovit-p66600546.html,
66600513,Bio Planet,https://sklep.sfd.pl/Bio_Planet-p66600513.html,
66600530,BioGol,https://sklep.sfd.pl/BioGol-p66600530.html,
66600525,Biopont,https://sklep.sfd.pl/Biopont-p66600525.html,
66600027,BioTechUSA,https://sklep.sfd.pl/BioTechUSA-p66600027.html,
66600426,Bolero,https://sklep.sfd.pl/Bolero-p66600426.html,
6971,BSN,https://sklep.sfd.pl/BSN-p6971.html,
66600523,Celiko,https://sklep.sfd.pl/Celiko-p66600523.html,
66600519,Cocoa Keto,https://sklep.sfd.pl/Cocoa_Keto-p66600519.html,
66600377,Diet Food,https://sklep.sfd.pl/Diet_Food-p66600377.html,
66600543,EONLIFE,https://sklep.sfd.pl/EONLIFE-p66600543.html,
66600551,Essensey,https://sklep.sfd.pl/Essensey-p66600551.html,
34,Fitness Authority,https://sklep.sfd.pl/Fitness_Authority-p34.html,
66600533,Foods By Ann,https://sklep.sfd.pl/Foods_By_Ann-p66600533.html,
66600517,Glutenex,https://sklep.sfd.pl/Glutenex-p66600517.html,
66600532,Gullon,https://sklep.sfd.pl/Gullon-p66600532.html,
66600537,Gym Glamour,https://sklep.sfd.pl/Gym_Glamour-p66600537.html,
66600475,Gym Provocateur,https://sklep.sfd.pl/Gym_Provocateur-p66600475.html,
66600440,Hepatica,https://sklep.sfd.pl/Hepatica-p66600440.html,
1,Hi-Tec Nutrition,https://sklep.sfd.pl/Hi-Tec_Nutrition-p1.html,
66600504,Hummy,https://sklep.sfd.pl/Hummy-p66600504.html,
66600549,Hutesa,https://sklep.sfd.pl/Hutesa-p66600549.html,
66600210,Iron Horse,https://sklep.sfd.pl/Iron_Horse-p66600210.html,
66600295,Isostar,https://sklep.sfd.pl/Isostar-p66600295.html,
66600545,Jack Link's,https://sklep.sfd.pl/Jack_Link_s-p66600545.html,
66600391,Kevin Levrone,https://sklep.sfd.pl/Kevin_Levrone-p66600391.html,
66600482,Lab One,https://sklep.sfd.pl/Lab_One-p66600482.html,
66600527,Lebensbaum,https://sklep.sfd.pl/Lebensbaum-p66600527.html,
66600534,Levann Supplements,https://sklep.sfd.pl/Levann_Supplements-p66600534.html,
66600499,LOCO,https://sklep.sfd.pl/LOCO-p66600499.html,
66600500,Medica Herbs,https://sklep.sfd.pl/Medica_Herbs-p66600500.html,
16,Megabol,https://sklep.sfd.pl/Megabol-p16.html,
66600548,MK,https://sklep.sfd.pl/MK-p66600548.html,
66600344,MyVita,https://sklep.sfd.pl/MyVita-p66600344.html,
66600514,NaturaVena,https://sklep.sfd.pl/NaturaVena-p66600514.html,
66600506,NICKS,https://sklep.sfd.pl/NICKS-p66600506.html,
66600550,Nomi Biotech,https://sklep.sfd.pl/Nomi_Biotech-p66600550.html,
66600041,Now,https://sklep.sfd.pl/Now-p66600041.html,
2,Nutrend,https://sklep.sfd.pl/Nutrend-p2.html,
66600496,OCUN,https://sklep.sfd.pl/OCUN-p66600496.html,
13,Olimp,https://sklep.sfd.pl/Olimp-p13.html,
66600023,Optimum Nutrition,https://sklep.sfd.pl/Optimum_Nutrition-p66600023.html,
66600547,Pet Lover,https://sklep.sfd.pl/Pet_Lover-p66600547.html,
66600411,Pharmovit,https://sklep.sfd.pl/Pharmovit-p66600411.html,
66600516,Pięć Przemian,https://sklep.sfd.pl/Piec_Przemian-p66600516.html,
32,Power System,https://sklep.sfd.pl/Power_System-p32.html,
7001,Pvl,https://sklep.sfd.pl/Pvl-p7001.html,
66600539,Roleski,https://sklep.sfd.pl/Roleski-p66600539.html,
66600341,Sante,https://sklep.sfd.pl/Sante-p66600341.html,
66600198,Scitec nutrition,https://sklep.sfd.pl/Scitec_nutrition-p66600198.html,
66600048,SFD NUTRITION,https://sklep.sfd.pl/SFD_NUTRITION-p66600048.html,
66600421,SFD POWER WEAR,https://sklep.sfd.pl/SFD_POWER_WEAR-p66600421.html,
66600508,SFD WEAR,https://sklep.sfd.pl/SFD_WEAR-p66600508.html,
66600511,SPOKEY,https://sklep.sfd.pl/SPOKEY-p66600511.html,
66600228,Starpharma,https://sklep.sfd.pl/Starpharma-p66600228.html,
66600141,Swanson,https://sklep.sfd.pl/Swanson-p66600141.html,
11,Trec,https://sklep.sfd.pl/Trec-p11.html,
9,Universal Nutrition,https://sklep.sfd.pl/Universal_Nutrition-p9.html,
66600209,USN,https://sklep.sfd.pl/USN-p66600209.html,
66600538,WK DZIK,https://sklep.sfd.pl/WK_DZIK-p66600538.html,
66600542,YOU,https://sklep.sfd.pl/YOU-p66600542.html,
4,Zestawy,https://sklep.sfd.pl/Zestawy-p4.html,
